id,fname,lname,email,password,gender
4,Nash,Martinez,kereho@mailinator.com,ac748cb38ff28d1ea98458b16695739d7e90f22d,female
5,lidvine,louange,gaxyxik@mailinator.com,ac748cb38ff28d1ea98458b16695739d7e90f22d,male
6,SIBOMANA,Edouard,edouard@gmail.com,1bdeb42680d10fe14b001ea62929d070b12aee82,male
7,Rhona,macGregor,zapuqy@mailinator.com,0ab60ee7a820c4095f35378cd9bf3de7171663ac,male
8,Alexis,Burton,fofoxegugy@mailinator.com,ac748cb38ff28d1ea98458b16695739d7e90f22d,female
10,Hannah,Shields,kyduxyra@mailinator.com,ac748cb38ff28d1ea98458b16695739d7e90f22d,male
14,lidvine,Tyson,ye@gmail.com,6adfb183a4a2c94a2f92dab5ade762a47889a5a1,female
15,Rhona,macGregor,irene@gmail.com,2ec1ddb5b29133e23d1e8722efead92bce315ef7,female
17,Luke,Petty,kuni@mailinator.com,ac748cb38ff28d1ea98458b16695739d7e90f22d,female
